-666076428,Dogg
339799388,1Kin
-1629315184,AKCB Female
1040216989,AKCB Male
1856107331,Alfa Pass
-1932997185,Alien Boy
1681342896,Alpacadabraz
-1230433431,Black Ninja Female
1455031428,Black Ninja Male
1886551498,Zombie Female
-364871433,Human Female
3048046,Human Male
1948535904,Inmate Female
-281538367,Inmate Male
-1641359780,Galaxy Police Female
-1150123209,Galaxy Police Male
1663510830,Punk Female
1108483743,Punk Male
-1816574671,White Ninja Female
105185078,White Ninja Male
-218615667,David Long
-1730510412,EJ
-567711085,Kenny Vaccaro
1254225525,Jeremy Hills
1219378132,Charles Omenihu
-1767395911,Black Ape
2120355960,Blue Ape
1116204760,Brown  Ape
-1592874594,Cheetah Ape
-856263666,Cream Ape
-822939841,Death Bot Ape
2068906687,Dmt Ape
-1909423117,Golden Brown Ape
-1401799953,Gray Ape
2045283254,Noise Ape
561178464,Pink Ape
-21162983,Red Ape
316610544,Robot Ape
2144090399,Solid Gold Ape
1551569169,Tan Ape
1283514636,Trippy Ape
1259692073,White Ape
-814429274,Zombie Ape
1681112176,Birdez Gang
-1462089180,BOTB EVO
-296878652,BOTB Bulls Brown
-294717035,Bullyverse
-1495524148,ByoPill Ancient
964635067,ByoPill Goddess
-434825545,Champ
-1907243125,Tribe Lost Realm
-1747540405,Cryptoraider blue_elf
-893801284,Cryptoraider cyborg
-1217402519,Cryptoraider dark_elf
988885423,Cryptoraider fairy
1781671809,Cryptoraider John
-167493750,Cryptoraider Mike
-871769625,Cryptoraider Old Man
673706834,Cryptoraider orc
215339579,Cryptoraider skeleton
224978920,Cryptoraider Tammy
345217404,Cryptoraider tigress
-133231450,Crypto Raider white_elf
-1152024103,Wicked Cranium The OG
-501931411,Cuffs The Legend
-1551282656,CyberKongz Baby Kong
2079037104,CyberKongz Genesis Kong
-42009062,CyberKongz Kong VX
428105091,CyberKongz Kong VX
-1599197813,Deadheads Ghost
-1921191415,Deadheads Gold Skeleton
114683543,Deadheads Human
-1498451699,Deadheads Mummy
-938408567,Deadheads Skeleton
-244194082,Deadheads Zombie
1691332824,GFC Fighter Death Robot
552537687,Moonboy
-125065455,Troll
647009979,Wizard
1414244689,Doge
-1343645918,Doge Puppies
1386721738,Ethiz
1219563892,Fancy Bird
-467889402,Fancy Bird
-50372210,ForestKnight_Paladin
-1447817465,Frontier
-611837328,Alien
-2043402040,Beast
40579357,
-1577136873,Human-Female
568712027,Galaxy Punk - Albino
951428882,Galaxy Punk - Ape
-1046660531,Beast
583029598,Galaxy Punk - Cyborg
1085586121,Death Machine
-413203749,Friga
553784012,Galaxy Punk - Frog
-285078635,Galaxy Punk - Ghoul
-2067924118,Glorken
291662684,Galaxy Punk - Gold
-65931824,Galaxy Punk - Mutated
-1311600587,Obsidian
-1516748962,Polaris
1499603258,Asian
1071533559,Black
-1085444734,Female
-973358757,White
-1592890005,Galaxy Punk - Saiko-Komon
576959626,Galaxy Punk - Trippy
860148723,Glopz
2060636544,
-1082222664,Human-Male
321209415,Human-Albino
-1361581376,Human-Cyborg
262967946,Human-Gold
-987904330,Human-Mutated
913431836,Human-Trippy
-1203409367,Human-Yakuza
1150073102,Human-Zombie
-316059342,Ogre
-1395814115,Reptar
1807675972,GFC Fighter Spartan
1836303599,Viking Warrior
1554742002,Goons
-555921170,Habibiz Arab
-63450799,Habibiz KingCrown
1905388324,HalloweenSkin
-131333720,Iluvium Arlen
1712459104,ByoPill Psychonaut
-130116645,ByoPill Voyager
-1721444229,Cozomo Clan
571601434,Cryptoadz Albino
-543332966,Cryptoadz Angry
-287366909,Cryptoadz Ape
-650997619,Cryptoadz Berry
2011882718,Cryptoadz Blood Bones
-2017790505,Cryptoadz Blue Cat
807682444,Cryptoadz_Bones
1638225061,Cryptoadz Booger
-1020516264,Cryptoadz Chimp
652713978,Cryptoadz Creep
-1253369101,Cryptoadz Gargoyle
-262658145,Cryptoadz Gummy Peach
614712852,Cryptoadz Gummy Raspberry
2070880774,Cryptoadz Gummy Slime
-1432380986,Cryptoadz Gummy Tropical
1094265709,Cryptoadz Hypnotic
1369208670,Cryptoadz Normal
-409092824,Cryptoadz Pasty
210025476,Cryptoadz Pox
-927236411,Cryptoadz Sleepy
601012422,Cryptoadz Toadbot
496303245,Cryptoadz Toadenza
1086600556,Cryptoadz_Undead
1063206628,Otan
636704981,Torao
-1214123241,Lil Heroes Red
-79843988,Captain Chibi
1966326218,Juice Key
1666441267,Kaiju King
1795870932,Mosu
351549240,Kmanu
-1285265360,Labs Scientist
406723512,Llamaverse
-1216282831,Metabilionaire
-1198689684,Captain Chibi
1024400807,Michael Bisping
-1996650393,Mink V1
-1996650396,Mink V2
21586372,Moon Bird
-1346394943,Neo Tokyo
-112420968,Neo Tokyo
1898660683,Samu Frog
-1808445218,Plague Frog
-1572466179,Pudgy Penguins
1839420411,Angry Chef
-500723995,Cyclops
-338979845,Insane Clown
-1283902119,Space Trooper
351520940,Rumble Kong Aurora
-1251992951,Rumble Kong Black
65006876,Rumble Kong Brown
701896656,Rumble Kong Camo
-1128090930,Rumble Kong Crystal
97099154,Rumble Kong Gold
-385326443,Rumble Kong Green
-1529852037,Rumble Kong Grey
71187218,Rumble Kong Hyper Cat
574288548,Rumble Kong Pink
-1642522511,Rumble Kong Red
-1796742759,Rumble Kong Sky Blue
1579066087,Rumble Kong White Noise
1201187392,Rumble Kong Zebra
366591438,Santa Claus Skin
1349559340,Supducks
1054414051,Supducks
-819708144,Supducks
1117109465,Supducks
545588332,Human-Female
1693161301,Human-Male
-1920072172,Tribe Lost Realm
1990449721,Unicorn Golden
1620677385,Unicorn Hunter
-168409206,Unicorn Knight
1661070359,Unicorns Mage
1143474526,Unicorn Uni Mech
-582617897,Unicorn Ninja
-489608851,Unicorn Punk
-325984185,Unicorn Zombie
-1297854057,Vayne Sport
-1959315906,Voxies
-118299417,Women and Weapon a
-118299418,Women and Weapon b
-118299419,Women and Weapon c
-118299412,Women and Weapon d
-2032370571,Whale Together
438677088,Xmas Girl
-54702533,banana
-2060929901,special.christmasgun
709864463,trial_battleaxe
-364429210,p2e_battleaxe
1908006428,battleaxe
707770890,claws
-401780886,p2e_dagger
274666040,dagger
1480741547,slingshot
-764085565,trial_dagger
1993123096,
-486858845,trial_deagle
41913676,p2e_deagle
-1068639948,p2e_bruna8blasterpistol
259561238,deagle
580320424,deathscythe
792956923,diamondhand
1373401875,doublevoulge
1258387501,p2e_electrictoothbrush
-711338107,electrictoothbrush
2028976576,magnet
-1047202772,p2e_flowerbouquet
468798546,flowerbouquet
-327419561,heels
-1939578110,metakey
-54692344,katana
-314341392,bitcoin
440444641,lightsaber
464989713,p2e_monkeystaff
1388955593,monkeystaff
1749911013,rubberchicken
1324454453,p2e_sword
1070925405,sword
61410079,p2e_needle
-913854996,
1523132423,needle
-1110287584,p2e_umbrella
-1370561842,umbrella
-1335970985,p2e_walkingstick
2017168855,walkingstick
1965232394,crossbow
-1215753368,flamethrower
-1644433875,p2e_brunahandheldplasmaguzzy
727425658,rw_bruna8submachingun
-968578551,machinegun
1934306808,p2e_boatoar
-716604682,boatoar
2028176558,hammerofgods
-353794893,devineblade
1756126284,shotgun
-275157534,spacegun
1844381164,whip
-1959851327,plasmaorb
-1195120960,thecube
-672759842,nunchucks
-1402036460,p2e_flail
969887598,flail
1193422162,axe
1786431501,baseballbat
-1904800940,vsp_weapon
1085613206,butcherknife
-341113711,candygun
-637999907,boxinggloves
-1963288280,cleaver
838855019,dragonscimitar
867213360,p2e_icespear
-494855789,p2e_dragonscaleblade
531512796,p2e_lightningblade
-1456893072,p2e_splitfrostblade
-237143793,p2e_bruniumaxeofdeath
-866860937,p2e_brunaplasmablaster
384421880,rw_tenderizer
1159903015,echochamber
1852225292,p2e_megalomaniac
696029347,fal
-497266772,flaregun
-166059261,galil
-943443614,gnawinghunger
-1304607245,p2e_lastwish
-1370018351,rw_electrodecarbine
-1047762055,goldenchild
-488531693,guzzy
751069285,harpoon
-1948584577,broomstick
2066480670,p2e_brunafireaxe
-1252059217,hatchet
-1157600894,rw_brunagatlinggun
1800588299,ioncannon
1527975681,knife02
1690877390,lion'sroar
-1870523651,m4
922836836,mac10
-661824064,p2e_plasmagrenade
-74480446,molotovcocktail
1785291447,pistol02
978722393,pistol04
-68491413,remingtonshotgun
-1222686369,p2e_brunabubbleblaster
670810410,bubblegun
660508405,p2e_specialdelivery
1266401391,retribution
-1972106190,p2e_brunablasterpistol02
275983487,revolver
680937292,scout
883583663,onlysniper
-2055790988,rw_brunabattlerifle
2115549489,shuriken
694409550,shurikenblades
-1171265767,slugshotgun
1180833817,staffoflight
-1247440040,switchblade
727858909,thebarber
-1863141843,wakizashi
-1437341842,trial_cavemanclub
967146307,p2e_cavemanclub
117261131,cavemanclub
-1693734899,watercooler
-2046499119,p2e_bruna8plasmashotty
112881563,pumpanddump
761454201,asteroidbrown
311120882,asteroidgreen
1055009879,asteroidpink
-2031751982,
-2078435907,boredblaster
-1786025046,p2e_butterflynet
-269636372,butterflynet
-329123650,p2e_candycain
718641008,candycain
1175488767,
1687069833,
-1291686407,
372029328,pumpkin